{"current":{"type_header_font":"oswald_n4","type_base_font":"oswald_n4","social_twitter_link":"#","social_facebook_link":"#","social_pinterest_link":"#","social_instagram_link":"#","social_tumblr_link":"#","social_snapchat_link":"#","social_youtube_link":"#","social_vimeo_link":"#","container_width":"1640px !important","sections":{"header":{"type":"header","settings":{"has_header_menu":true,"show_search":true,"logowrap_class":"is-narrow is-6-mobile","headermenu_class":"","header_menu":"main-menu","search_class":"","basket_class":"is-narrow is-6-mobile"}},"footer":{"type":"footer","settings":{"footerlogo_column":true,"footer_blurb":"Lorem ipsum dolor sit amet, consectetur adipiscing elit. Mauris gravida nisl sit amet eleifend maximus. Sed tincidunt, lectus eu viverra ullamcorper.","footermenu_1":true,"menutitle_1":"Navigation","menu_1":"topbar-menu","footermenu_2":true,"menutitle_2":"Featured Categories","menu_2":"main-menu","footermenu_3":true,"menutitle_3":"Other Links","menu_3":"footer","has_newsletter":true}},"catgrid":{"type":"catgrid","settings":{"catrow_classes":"","cat_height":"","has_button":false}},"topbar":{"type":"topbar","settings":{"show_topbar":true,"topbar_class":"bg-is-offwhite py-2 px-3","show_topmssg":true,"show_topmenu":true,"topbarmssg_1":"Free  STADARD UK SHIPPING","topbarmssg_2":"NO MINIMUM ORDER","topbarmssg_3":"FREE SAMPLES","top_menu":"topbar-menu"}},"16109853017b43dcc6":{"type":"slider","settings":{"slider_container":false,"slide_height":31,"slider_classes":"","slidebttn_on":false,"slideimg_1":"shopify:\/\/shop_images\/banner1_fc05641f-a115-4b0f-85f7-6531b3063d2a.jpg","slidepre_1":"","slidetitle_1":"","slideblurb_1":"","slidebutton_1":"","slideimg_2":"shopify:\/\/shop_images\/banner2_5ff10adb-10b4-4ddd-aa39-9467836c2715.jpg","slidepre_2":"","slidetitle_2":"","slideblurb_2":"","slidebutton_2":"","slidepre_3":"","slidetitle_3":"","slideblurb_3":"","slidebutton_3":"","slidepre_4":"","slidetitle_4":"","slideblurb_4":"","slidebutton_4":"","slidepre_5":"","slidetitle_5":"","slideblurb_5":"","slidebutton_5":""}},"collection-template":{"type":"collection-template","settings":{"layout":"grid","grid":4,"rows":2,"show_collection_image":true,"show_vendor":true,"sort_enable":true,"tags_enable":true}},"product-template":{"type":"product-template","settings":{"show_quantity_selector":true,"show_vendor":true,"enable_payment_button":true,"show_share_buttons":true,"media_size":"medium","enable_image_zoom":true,"enable_video_looping":false}},"product-recommendations":{"type":"product-recommendations","settings":{"show_product_recommendations":true,"heading":"You may also like","show_vendor":true}},"164925296541020793":{"type":"catgrid","blocks":{"dbd24e31-12c9-4e70-bc2b-e5e62fe55723":{"type":"select","settings":{"cat-class":"column is-6-mobile","fullcat-link":"shopify:\/\/collections\/pre-workouts","catimg":"shopify:\/\/shop_images\/cat_01_d1e667fc-97ea-4b5a-965b-11e61401ca32.jpg","fullcat_sub":"","fullcat_title":"","button_text":""}},"282f2e28-2e2c-4069-b005-14c328ea4b1f":{"type":"select","settings":{"cat-class":"column is-6-mobile","fullcat-link":"shopify:\/\/collections\/frontpage","catimg":"shopify:\/\/shop_images\/cat_03_027e5f44-3453-4bdb-9b32-a8587d2326fa.jpg","fullcat_sub":"","fullcat_title":"","button_text":""}},"e9ca6cb1-90ee-4730-ad2e-54a89aff89f6":{"type":"select","settings":{"cat-class":"column is-6-mobile","fullcat-link":"shopify:\/\/collections\/protein-bars","catimg":"shopify:\/\/shop_images\/cat_05_e1733faf-c63b-420d-94cf-82b3045c00eb.jpg","fullcat_sub":"","fullcat_title":"","button_text":""}},"9a20d1e0-b838-4e4c-86ab-a54cc48b8122":{"type":"select","settings":{"cat-class":"column is-6-mobile","fullcat-link":"shopify:\/\/collections\/workout-accessories","catimg":"shopify:\/\/shop_images\/cat_07_111a1f26-03bb-4950-9f2d-519eb1251970.jpg","fullcat_sub":"","fullcat_title":"","button_text":""}}},"block_order":["dbd24e31-12c9-4e70-bc2b-e5e62fe55723","282f2e28-2e2c-4069-b005-14c328ea4b1f","e9ca6cb1-90ee-4730-ad2e-54a89aff89f6","9a20d1e0-b838-4e4c-86ab-a54cc48b8122"],"settings":{"catrow_classes":"pb-5 px-3 mb-5 mt-6","cat_height":"600px","has_button":false}},"1649252971532e49dd":{"type":"uspsection","blocks":{"bf399ace-a394-4d76-ad85-347cc887f48b":{"type":"select","settings":{"uspimg":"shopify:\/\/shop_images\/usp1_0f2e1ced-718b-46b5-b496-6bc199749dd8.png","usp_title":"free uk postage","usp_subtitle":"Worldwide Postage Available PRICE may vary. Free sample on every order!"}},"06f0a363-a586-4289-94da-e2c2631df167":{"type":"select","settings":{"uspimg":"shopify:\/\/shop_images\/usp2_c3df45bd-b969-40db-8ae9-43168f4613ad.png","usp_title":"Satisfied or refunded","usp_subtitle":"We're 100% sure you'll love our supplements, or you'll get your money back!"}},"98adcd7e-4c69-4d7b-9e54-6d9fb1a38515":{"type":"select","settings":{"uspimg":"shopify:\/\/shop_images\/usp3_bbb3b8cf-e6b4-4346-91c8-1c47aa7dc9f5.png","usp_title":"Top-notch support","usp_subtitle":"eMail , Live Chat & Freephone Support Available to ensure you get the best Support"}},"84d82724-c95c-48f1-85c7-c2abf669cddf":{"type":"select","settings":{"uspimg":"shopify:\/\/shop_images\/usp4.png","usp_title":"Secure payments","usp_subtitle":"We're crazy about security, that's why we use SSL Encryption."}}},"block_order":["bf399ace-a394-4d76-ad85-347cc887f48b","06f0a363-a586-4289-94da-e2c2631df167","98adcd7e-4c69-4d7b-9e54-6d9fb1a38515","84d82724-c95c-48f1-85c7-c2abf669cddf"],"settings":{"usp_row_classes":"my-5 py-4 px-3 is-hidden-desktop","usp_column_class":"","usp_box_class":"landscape"}},"164925578068b7dd08":{"type":"productcarousel","settings":{"collection":"frontpage","show_vendor":false}},"1649258645b4279bd5":{"type":"section_header","settings":{"sh_classes":"container pb-3 px-3","sh_pre":"Check Out Our","sh_title":"Latest Products"}},"164925880603c039c4":{"type":"hero","settings":{"image":"shopify:\/\/shop_images\/herobanner.jpg","alignment":"center","text_colour":"#222222","title":"Massive range of discount supplements","text":"<p><br\/>With our outstanding Customer Service we assure your shopping experience with Alpha supplements UK is Second to none. Please check out our exclusive daily deals on our amazing products!!! <\/p>","button_label":"Shop Now","button_link":"shopify:\/\/collections\/clothing"}},"16492589286bfec01d":{"type":"brandrow","blocks":{"e695cdcf-b358-4954-86f8-4379514af396":{"type":"select","settings":{"brandbox":"shopify:\/\/shop_images\/Applied_Logo-x2_1792x_09b08064-efa2-4b7d-a534-f26a3b4aa65b.png","brandbox-link":""}},"29cabc5a-6387-4f79-9078-2ea3cc8c3e95":{"type":"select","settings":{"brandbox":"shopify:\/\/shop_images\/brand2_a0eff7c7-04fb-49fa-a57e-6da7b018a3ee.png","brandbox-link":""}},"d06b9f1d-948c-4692-8bc3-1f1a88e830bf":{"type":"select","settings":{"brandbox":"shopify:\/\/shop_images\/optimum-nutrition-logo_d24ef6b7-023d-48d2-bb27-4683207aa654.png","brandbox-link":""}},"dacc5b4f-bd23-4227-927a-ad275337904c":{"type":"select","settings":{"brandbox":"shopify:\/\/shop_images\/brand4.png","brandbox-link":""}},"abf0a00e-2fd8-497e-a331-dd9f7c58eeea":{"type":"select","settings":{"brandbox":"shopify:\/\/shop_images\/brand1_2c20a9bb-82fd-4faf-ba15-7fa090e4742d.png","brandbox-link":""}},"d837b561-b3a5-45f9-90ba-242b8c150cf9":{"type":"select","settings":{"brandbox":"shopify:\/\/shop_images\/brand5.png","brandbox-link":""}},"5d4a0d20-a692-4a0a-9e30-2dd757da8154":{"type":"select","settings":{"brandbox":"shopify:\/\/shop_images\/MuscleJunkieStore_logo_RGB_400x400_8c8766fd-625a-4b58-9893-fd195651f83f.png","brandbox-link":""}}},"block_order":["e695cdcf-b358-4954-86f8-4379514af396","29cabc5a-6387-4f79-9078-2ea3cc8c3e95","d06b9f1d-948c-4692-8bc3-1f1a88e830bf","dacc5b4f-bd23-4227-927a-ad275337904c","abf0a00e-2fd8-497e-a331-dd9f7c58eeea","d837b561-b3a5-45f9-90ba-242b8c150cf9","5d4a0d20-a692-4a0a-9e30-2dd757da8154"],"settings":{"brandrow_classes":"px-3 is-mobile is-multiline","brandbox_class":"p-2","brand_height":"50px"}},"1649261900ddb224aa":{"type":"mediagrid","blocks":{"ccbb2f67-2080-4d42-a862-a3424b5ee1f1":{"type":"select","settings":{"med_col":"aboutusblock","medcol_classes":""}},"ea017b65-edbc-43bf-8826-0d749a7c707c":{"type":"select","settings":{"med_col":"contactusblock","medcol_classes":""}},"27837096-3521-49ec-ac7a-3d51244df627":{"type":"select","settings":{"med_col":"mediapromoblock","medcol_classes":""}}},"block_order":["ccbb2f67-2080-4d42-a862-a3424b5ee1f1","ea017b65-edbc-43bf-8826-0d749a7c707c","27837096-3521-49ec-ac7a-3d51244df627"],"settings":{"mediarow_classes":"my-6 py-5 px-3","aboutblock_text":"<p>At Alpha Supplements , we strive to deliver best Sporting Supplements for all kind of fitness levels, wether you are just beginning the journey or you are an athlete, be sure we will provide you with top notch supplements to help you achieve your goals.<\/p><p>We offer very competitive prices, free samples, free delivery within the UK&I and we are a family run business ,thats what makes us different compared to our competitors.<\/p><p>eBay buyers trusted us since 2019... now It's your turn to concentrate on your goals.<\/p>","promoimg":"shopify:\/\/shop_images\/mediapromo.jpg"}},"16493353611382f79e":{"type":"uspsection","blocks":{"d43d78a4-3475-4002-84f0-65bc732c278c":{"type":"select","settings":{"uspimg":"shopify:\/\/shop_images\/usp1_0f2e1ced-718b-46b5-b496-6bc199749dd8.png","usp_title":"free uk postage","usp_subtitle":"Worldwide Postage Available PRICE may vary. Free sample on every order!"}},"f5e87adf-d296-46f1-a6ea-5b1a65af5376":{"type":"select","settings":{"uspimg":"shopify:\/\/shop_images\/usp2_c3df45bd-b969-40db-8ae9-43168f4613ad.png","usp_title":"Satisfied or refunded","usp_subtitle":"We're 100% sure you'll love our supplements, or you'll get your money back!"}},"fb920441-2f78-4107-bfcb-c61d18360cb6":{"type":"select","settings":{"uspimg":"shopify:\/\/shop_images\/usp3_bbb3b8cf-e6b4-4346-91c8-1c47aa7dc9f5.png","usp_title":"Excellent Customer Support","usp_subtitle":"We're always here to help out if you have a question, contact us by live chat!"}},"55e69ea2-6410-4430-842d-92591df802b7":{"type":"select","settings":{"uspimg":"shopify:\/\/shop_images\/usp4.png","usp_title":"Secure payments","usp_subtitle":"We're crazy about security, that's why we use SSL Encryption."}}},"block_order":["d43d78a4-3475-4002-84f0-65bc732c278c","f5e87adf-d296-46f1-a6ea-5b1a65af5376","fb920441-2f78-4107-bfcb-c61d18360cb6","55e69ea2-6410-4430-842d-92591df802b7"],"settings":{"usp_row_classes":"mt-5 mb-6 px-3 is-hidden-mobile","usp_column_class":"","usp_box_class":"landscape"}}},"content_for_index":["16492589286bfec01d","16109853017b43dcc6","164925296541020793","16493353611382f79e","1649258645b4279bd5","164925578068b7dd08","164925880603c039c4","1649261900ddb224aa","1649252971532e49dd"]}}